{"Weight": {"Bream": 617.8285714285714, "Parkki": 154.8181818181818, "Perch": 382.23928571428576, "Pike": 718.7058823529412, "Roach": 152.05, "Smelt": 11.178571428571425, "Whitefish": 531.0}, "Length1": {"Bream": 30.3057142857143, "Parkki": 18.727272727272727, "Perch": 25.735714285714288, "Pike": 42.476470588235294, "Roach": 20.644999999999996, "Smelt": 11.257142857142858, "Whitefish": 28.800000000000004}, "Length2": {"Bream": 33.10857142857143, "Parkki": 20.345454545454547, "Perch": 27.892857142857142, "Pike": 45.482352941176465, "Roach": 22.275, "Smelt": 11.921428571428573, "Whitefish": 31.316666666666663}, "Length3": {"Bream": 38.35428571428569, "Parkki": 22.790909090909093, "Perch": 29.571428571428577, "Pike": 48.71764705882351, "Roach": 24.970000000000006, "Smelt": 13.035714285714288, "Whitefish": 34.31666666666667}, "Height": {"Bream": 15.183211428571427, "Parkki": 8.962427272727274, "Perch": 7.861869642857143, "Pike": 7.713770588235294, "Roach": 6.694795, "Smelt": 2.2093714285714285, "Whitefish": 10.027166666666666}, "Width": {"Bream": 5.4276142857142835, "Parkki": 3.2207363636363637, "Perch": 4.745723214285716, "Pike": 5.086382352941178, "Roach": 3.6578499999999994, "Smelt": 1.3400928571428572, "Whitefish": 5.4730500000000015}}